Designator,Subsystem,Manufacturer,Part Number,Footprint,Description,Indian Source,Price INR,Global Source,Price USD,Qty,Status
U1,Cellular/GNSS,Nordic Semiconductor,NRF9151-LACA-R,LGA-114,LTE-M / NB-IoT SiP with Cortex-M33 & GNSS,Mouser India,2138.19,Mouser / DigiKey,25.40,1,COMMITTED
U2,PMIC,Nordic Semiconductor,nPM1300-QEAA-R,QFN-32,Smart PMIC with CC/CV Charger & Dual Buck,Mouser India,291.40,Mouser / DigiKey,3.45,1,COMMITTED
U3,Motion Sensor,STMicroelectronics,LIS2DW12TR,LGA-12,Ultra-low-power 3-axis accelerometer,Mouser India,171.02,Mouser / DigiKey,2.02,1,COMMITTED
U4,Storage,Winbond,W25Q32JVSSIQ,SOIC-8,32Mb SPI NOR Flash Telemetry Queue,Evelta / Mouser,102.00,Mouser / LCSC,1.20,1,COMMITTED
ANT1,RF Cellular,Ignion,NN02-224,SMD (12x3mm),RUN mXTEND Cellular Virtual Antenna,DigiKey India,115.00,DigiKey / Mouser,1.35,1,COMMITTED
ANT2,RF GNSS,Abracon,APAE1575R2540BBDB1-T,SMD Patch (25x25mm),1575.42 MHz Passive Ceramic Patch Antenna,DigiKey India,209.25,DigiKey / Mouser,2.48,1,COMMITTED
J1,Power/USB,GCT,USB4105-GF-A,SMD Mid-mount,16-Pin USB Type-C Receptacle (5V In),Mouser India,76.43,Mouser / LCSC,0.90,1,COMMITTED
J2,SIM,Molex,104224-0820,SMD (12.1x11.5mm),Push-Pull Nano-SIM (4FF) Socket,Mouser India,137.58,Mouser / DigiKey,1.62,1,COMMITTED
BAT1,Battery,Robu.in / WLY,WLY902030,Prismatic w/ Leads,3.7V 500mAh 1S Li-Po Battery with PCM,Robu.in,249.00,Robu / Adafruit,3.00,1,COMMITTED
PASS,Passives,Yageo / Murata,Generic Kit,0402 / 0603,Decoupling caps pull-ups RF matching TVS,Robu / Mouser,238.00,LCSC / DigiKey,2.83,1,COMMITTED
